{
  "project_info": {
    "project_number": "381086206621",
    "firebase_url": "https://astroway-diploy-default-rtdb.firebaseio.com",
    "project_id": "astroway-diploy",
    "storage_bucket": "astroway-diploy.appspot.com"
  },
  "client": [
    {
      "client_info": {
        "mobilesdk_app_id": "1:381086206621:android:f21e5cf69a3fbcc632e274",
        "android_client_info": {
          "package_name": "com.astrowaydiploy.astrologer"
        }
      },
      "oauth_client": [],
      "api_key": [
        {
          "current_key": "AIzaSyAyiZi-oi6QilI2X-7hNcCgtbmRT2WLAhs"
        },
        {
          "current_key": "AIzaSyBNWnN2vKDFSOtxh3eTwa1L5yiFxaYsxts"
        }
      ],
      "services": {
        "appinvite_service": {
          "other_platform_oauth_client": []
        }
      }
    },
    {
      "client_info": {
        "mobilesdk_app_id": "1:381086206621:android:f82a6af18b824fbd32e274",
        "android_client_info": {
          "package_name": "com.astrowaydiploy.user"
        }
      },
      "oauth_client": [],
      "api_key": [
        {
          "current_key": "AIzaSyAyiZi-oi6QilI2X-7hNcCgtbmRT2WLAhs"
        },
        {
          "current_key": "AIzaSyBNWnN2vKDFSOtxh3eTwa1L5yiFxaYsxts"
        }
      ],
      "services": {
        "appinvite_service": {
          "other_platform_oauth_client": []
        }
      }
    }
  ],
  "configuration_version": "1"
}